month,PM2.5,PM10,CO,NO2,SO2,O3
1,72.92,104.78,1.0845,52.32,12.5,23.23
2,62.45,72.9,1.20085,32.79,10.55,50.13
3,58.76,92.35,1.35785,45.17,15.21,61.57
4,48.79,79,1.00645,39.98,15.54,74.01
5,38.28,68.37,0.91184,35.62,13.01,95.04
6,38.99,60.18,0.98735,23.67,16.05,133.64
11,77.2,107.57,1.3806,9.3,54.66,30.72
12,49.29,75.41,1.00309,10.31,45.08,26.87
